numren,sexo,edad,folio,tam_loc,est_dis,upm,factor,ur_rur_2500,municipio,entidad,ccevj,CBDj,CSj,CTELJ,CENJ,rei,ett,CASi,CASSi,cyt,nbi,mmip,E_ccevj,E_CBDj,E_CSj,E_CTELJ,E_CENJ,E_rei,E_CASSi,E_CASi,E_nbi,E_cict,E_ett,E_cyt,E_mmip,año,anio,is_cdmx,municipio_num,alcaldia_norm
1,1,40,9001688011,1,133,24120,1307,1,2,9,0.037500083,-0.073480844,0.0,-0.5,0.0,-0.375,1.324119806,0.0,0.0,0.498131752,-0.09546186,0.276127756,3,4,4,6,4,5,4,4,4,3,3,2,3,2016,2016,True,2,AZCAPOTZALCO
2,2,57,9001688011,1,133,24120,1307,1,2,9,0.037500083,-0.073480844,0.0,-0.5,0.0,-0.1875,1.324119806,0.0,0.0,0.498131752,-0.05121186,0.292677253,3,4,4,6,4,5,4,4,4,3,3,2,3,2016,2016,True,2,AZCAPOTZALCO
3,2,17,9001688011,1,133,24120,1307,1,2,9,0.037500083,-0.073480844,0.0,-0.5,0.0,-0.071428537,1.324119806,0.0,0.0,0.498131752,-0.023818996,0.302922159,3,4,4,6,4,4,4,4,4,3,3,2,3,2016,2016,True,2,AZCAPOTZALCO
4,2,1,9001688011,1,133,24120,1307,1,2,9,0.037500083,-0.073480844,0.0,-0.5,0.0,0.0,1.324119806,0.0,0.0,0.498131752,-0.006961862,0.309226751,3,4,4,6,4,4,4,4,4,3,3,2,3,2016,2016,True,2,AZCAPOTZALCO
1,1,83,9001688021,1,133,24120,1307,1,2,9,-1.0,-0.011334419,0.0,0.0,0.0,-0.315789461,2.0,0.0,0.0,-0.052456021,-0.403183699,-0.183628172,6,4,4,4,4,5,4,4,5,4,1,4,5,2016,2016,True,2,AZCAPOTZALCO
1,2,44,9001688041,1,133,24120,1307,1,2,9,-0.448275805,-0.910926342,0.0,0.0,0.0,-0.3125,1.03125,0.0,0.0,0.328018904,-0.273618191,0.103006631,5,6,4,4,4,5,4,4,5,3,3,3,3,2016,2016,True,2,AZCAPOTZALCO
2,1,9,9001688041,1,133,24120,1307,1,2,9,-0.448275805,-0.910926342,0.0,0.0,0.0,-0.166666627,1.03125,0.0,0.0,0.328018904,-0.239201516,0.11587847,5,6,4,4,4,5,4,4,5,3,3,3,3,2016,2016,True,2,AZCAPOTZALCO
3,1,19,9001688041,1,133,24120,1307,1,2,9,-0.448275805,-0.910926342,0.0,0.0,0.0,-0.090909123,1.03125,1.0,1.0,0.328018904,0.061677255,0.22840713,5,6,4,4,4,4,1,1,3,3,3,3,3,2016,2016,True,2,AZCAPOTZALCO
1,1,48,9001688051,1,133,24120,1307,1,2,9,-1.0,-0.078858972,0.0,0.0,0.0,-0.4375,1.570833325,0.0,0.0,0.665040672,-0.435823828,0.253317356,6,4,4,4,4,5,4,4,5,4,1,1,3,2016,2016,True,2,AZCAPOTZALCO
1,1,75,9001688061,1,133,24120,1307,1,2,9,-0.076923132,0.019929111,0.0,0.0,0.0,-0.578947425,1.5625,0.0,0.0,-0.585523605,-0.16070649,-0.426642001,4,3,4,4,4,6,4,4,5,6,1,6,5,2016,2016,True,2,AZCAPOTZALCO
1,1,60,9001849021,1,133,24130,1238,1,2,9,0.664855063,-0.858572483,0.0,-0.5,0.199999988,0.25,0.794947326,0.0,0.0,0.354142368,0.217875257,0.303178459,1,6,4,6,3,3,4,4,3,2,5,2,3,2016,2016,True,2,AZCAPOTZALCO
2,2,56,9001849021,1,133,24130,1238,1,2,9,0.664855063,-0.858572483,0.0,-0.5,0.199999988,-0.375,0.794947326,0.0,0.0,0.354142368,0.070375256,0.248013467,1,6,4,6,3,5,4,4,3,2,5,2,3,2016,2016,True,2,AZCAPOTZALCO
3,2,34,9001849021,1,133,24130,1238,1,2,9,0.664855063,-0.858572483,0.0,-0.5,0.199999988,0.0,0.794947326,0.0,0.0,0.354142368,0.158875257,0.281112462,1,6,4,6,3,4,4,4,3,2,5,2,3,2016,2016,True,2,AZCAPOTZALCO
4,2,33,9001849021,1,133,24130,1238,1,2,9,0.664855063,-0.858572483,0.0,-0.5,0.199999988,-0.200000048,0.794947326,1.0,1.0,0.354142368,0.394675255,0.369301677,1,6,4,6,3,5,1,1,2,2,5,2,2,2016,2016,True,2,AZCAPOTZALCO
5,1,31,9001849021,1,133,24130,1238,1,2,9,0.664855063,-0.858572483,0.0,-0.5,0.199999988,-0.200000048,0.794947326,1.0,1.0,0.354142368,0.394675255,0.369301677,1,6,4,6,3,5,1,1,2,2,5,2,2,2016,2016,True,2,AZCAPOTZALCO
6,2,29,9001849021,1,133,24130,1238,1,2,9,0.664855063,-0.858572483,0.0,-0.5,0.199999988,-0.454545498,0.794947326,1.0,1.0,0.354142368,0.334602505,0.346834451,1,6,4,6,3,5,1,1,2,2,5,2,2,2016,2016,True,2,AZCAPOTZALCO
7,2,13,9001849021,1,133,24130,1238,1,2,9,0.664855063,-0.858572483,0.0,-0.5,0.199999988,-0.100000024,0.794947326,0.0,0.0,0.354142368,0.135275245,0.272286057,1,6,4,6,3,5,4,4,3,2,5,2,3,2016,2016,True,2,AZCAPOTZALCO
8,2,11,9001849021,1,133,24130,1238,1,2,9,0.664855063,-0.858572483,0.0,-0.5,0.199999988,-0.125,0.794947326,0.0,0.0,0.354142368,0.129375249,0.270079464,1,6,4,6,3,5,4,4,3,2,5,2,3,2016,2016,True,2,AZCAPOTZALCO
1,1,36,9001849031,1,133,24130,1238,1,2,9,-0.040540457,-0.10400641,0.0,-0.5,0.0,0.0,0.931372523,0.49000001,1.0,0.510151744,0.176505357,0.38536799,4,5,4,6,4,4,1,2,3,1,4,1,2,2016,2016,True,2,AZCAPOTZALCO
2,2,37,9001849031,1,133,24130,1238,1,2,9,-0.040540457,-0.10400641,0.0,-0.5,0.0,0.0,0.931372523,0.49000001,1.0,0.510151744,0.176505357,0.38536799,4,5,4,6,4,4,1,2,3,1,4,1,2,2016,2016,True,2,AZCAPOTZALCO
3,2,13,9001849031,1,133,24130,1238,1,2,9,-0.040540457,-0.10400641,0.0,-0.5,0.0,-0.100000024,0.931372523,0.49000001,1.0,0.510151744,0.15290536,0.376541585,4,5,4,6,4,5,1,2,3,1,4,1,2,2016,2016,True,2,AZCAPOTZALCO
4,2,11,9001849031,1,133,24130,1238,1,2,9,-0.040540457,-0.10400641,0.0,-0.5,0.0,-0.125,0.931372523,0.49000001,1.0,0.510151744,0.147005364,0.374334991,4,5,4,6,4,5,1,2,3,1,4,1,2,2016,2016,True,2,AZCAPOTZALCO
1,1,61,9001849051,1,133,24130,1238,1,2,9,-0.620689631,-0.122448564,0.0,1.0,0.0,-0.276315808,0.868055582,-1.0,1.0,-0.150454879,-0.245898753,-0.186150894,6,5,4,1,4,5,1,6,5,5,5,5,5,2016,2016,True,2,AZCAPOTZALCO
2,1,59,9001849051,1,133,24130,1238,1,2,9,-0.620689631,-0.122448564,0.0,1.0,0.0,0.25,0.868055582,0.0,0.0,-0.150454879,-0.121688217,-0.139696151,6,5,4,1,4,3,4,4,5,5,5,5,5,2016,2016,True,2,AZCAPOTZALCO
3,1,54,9001849051,1,133,24130,1238,1,2,9,-0.620689631,-0.122448564,0.0,1.0,0.0,-0.25,0.868055582,-1.0,1.0,-0.150454879,-0.239688218,-0.183828145,6,5,4,1,4,5,1,6,5,5,5,5,5,2016,2016,True,2,AZCAPOTZALCO
1,1,31,9001849061,1,133,24130,1238,1,2,9,-0.189655066,-0.029371738,0.0,0.0,0.0,0.0,1.110416651,0.0,0.0,0.673691511,-0.063910425,0.3978284,5,4,4,4,4,4,4,4,4,1,3,1,2,2016,2016,True,2,AZCAPOTZALCO
2,2,28,9001849061,1,133,24130,1238,1,2,9,-0.189655066,-0.029371738,0.0,0.0,0.0,-0.181818128,1.110416651,0.49000001,0.0,0.673691511,-0.037484501,0.407711685,5,4,4,4,4,5,4,2,4,1,3,1,2,2016,2016,True,2,AZCAPOTZALCO
3,1,0,9001849061,1,133,24130,1238,1,2,9,-0.189655066,-0.029371738,0.0,0.0,0.0,0.0,1.110416651,0.0,0.0,0.673691511,-0.063910425,0.3978284,5,4,4,4,4,4,4,4,4,1,3,1,2,2016,2016,True,2,AZCAPOTZALCO
1,2,39,9002067011,1,134,24140,1758,1,2,9,0.599137962,0.055760086,1.0,0.0,0.0,0.066666663,0.822916687,0.49000001,1.0,0.52257663,0.463319659,0.50041455,1,3,1,4,4,3,1,2,2,1,5,1,1,2016,2016,True,2,AZCAPOTZALCO
2,1,18,9002067011,1,134,24140,1758,1,2,9,0.599137962,0.055760086,1.0,0.0,0.0,-0.097402573,0.822916687,1.0,1.0,0.52257663,0.496764332,0.512922823,1,3,1,4,4,4,1,1,2,1,5,1,1,2016,2016,True,2,AZCAPOTZALCO
3,2,10,9002067011,1,134,24140,1758,1,2,9,0.599137962,0.055760086,1.0,0.0,0.0,-0.142857194,0.822916687,0.49000001,1.0,0.52257663,0.413872033,0.481921107,1,3,1,4,4,5,1,2,2,1,5,1,2,2016,2016,True,2,AZCAPOTZALCO
1,2,60,9002067051,1,134,24140,1758,1,2,9,-0.809523821,0.02368319,0.25,-0.5,0.0,-0.276315808,0.100000001,0.0,0.0,-0.395569801,-0.335110724,-0.372958094,6,3,3,6,4,5,4,4,5,5,6,5,5,2016,2016,True,2,AZCAPOTZALCO
2,2,48,9002067051,1,134,24140,1758,1,2,9,-0.809523821,0.02368319,0.25,-0.5,0.0,-0.4375,0.100000001,-1.0,1.0,-0.395569801,-0.3731502,-0.387184858,6,3,3,6,4,5,1,6,5,5,6,5,5,2016,2016,True,2,AZCAPOTZALCO
1,1,47,9002067061,1,134,24140,1758,1,2,9,0.555327892,-0.763300419,0.0,0.0,0.0,-0.1875,1.03791678,0.0,0.0,0.436172485,0.093626127,0.308060139,1,6,4,4,4,5,4,4,3,2,3,2,3,2016,2016,True,2,AZCAPOTZALCO
2,2,42,9002067061,1,134,24140,1758,1,2,9,0.555327892,-0.763300419,0.0,0.0,0.0,0.0,1.03791678,0.0,0.0,0.436172485,0.137876123,0.324609637,1,6,4,4,4,4,4,4,3,2,3,2,3,2016,2016,True,2,AZCAPOTZALCO
3,1,22,9002067061,1,134,24140,1758,1,2,9,0.555327892,-0.763300419,0.0,0.0,0.0,0.066666663,1.03791678,1.0,1.0,0.436172485,0.436609447,0.436335921,1,6,4,4,4,3,1,1,2,2,3,2,2,2016,2016,True,2,AZCAPOTZALCO
4,2,15,9002067061,1,134,24140,1758,1,2,9,0.555327892,-0.763300419,0.0,0.0,0.0,-0.083333373,1.03791678,0.0,0.0,0.436172485,0.118209451,0.317254305,1,6,4,4,4,4,4,4,3,2,3,2,3,2016,2016,True,2,AZCAPOTZALCO
5,2,17,9002067061,1,134,24140,1758,1,2,9,0.555327892,-0.763300419,0.0,0.0,0.0,0.0,1.03791678,1.0,0.0,0.436172485,0.279376119,0.377530634,1,6,4,4,4,4,4,1,3,2,3,2,2,2016,2016,True,2,AZCAPOTZALCO
6,2,19,9002067061,1,134,24140,1758,1,2,9,0.555327892,-0.763300419,0.0,0.0,0.0,0.133333325,1.03791678,0.49000001,1.0,0.436172485,0.380177796,0.415230483,1,6,4,4,4,3,1,2,2,2,3,2,2,2016,2016,True,2,AZCAPOTZALCO
7,1,3,9002067061,1,134,24140,1758,1,2,9,0.555327892,-0.763300419,0.0,0.0,0.0,0.0,1.03791678,0.49000001,1.0,0.436172485,0.348711133,0.403461933,1,6,4,4,4,4,1,2,2,2,3,2,2,2016,2016,True,2,AZCAPOTZALCO
1,1,53,9002253011,1,134,24150,1824,1,2,9,-1.0,-0.050005078,0.0,-0.5,0.0,-0.125,1.445833325,1.0,1.0,1.0,-0.092400298,0.591442287,6,4,4,6,4,5,1,1,4,1,2,1,1,2016,2016,True,2,AZCAPOTZALCO
1,2,76,9002253021,1,134,24150,1824,1,2,9,-0.087499976,-0.866220117,0.0,-0.5,0.0,1.0,1.169642925,0.0,0.0,-1.0,0.142059237,-0.572869837,4,6,4,6,4,1,4,4,3,6,3,6,6,2016,2016,True,2,AZCAPOTZALCO
2,1,42,9002253021,1,134,24150,1824,1,2,9,-0.087499976,-0.866220117,0.0,-0.5,0.0,-0.4375,1.169642925,-1.0,0.0,-1.0,-0.338690758,-0.752670348,4,6,4,6,4,5,4,6,5,6,3,6,6,2016,2016,True,2,AZCAPOTZALCO
3,2,40,9002253021,1,134,24150,1824,1,2,9,-0.087499976,-0.866220117,0.0,-0.5,0.0,-0.4375,1.169642925,-1.0,0.0,-1.0,-0.338690758,-0.752670348,4,6,4,6,4,5,4,6,5,6,3,6,6,2016,2016,True,2,AZCAPOTZALCO
4,2,10,9002253021,1,134,24150,1824,1,2,9,-0.087499976,-0.866220117,0.0,-0.5,0.0,0.0,1.169642925,-1.0,0.0,-1.0,-0.235440761,-0.714054823,4,6,4,6,4,4,4,6,5,6,3,6,6,2016,2016,True,2,AZCAPOTZALCO
1,1,62,9002253031,1,134,24150,1824,1,2,9,-0.850000024,-0.983111262,0.0,0.0,0.0,0.0,0.100000001,-0.01111114,0.0,0.073012769,-0.337392688,-0.080478869,6,6,4,4,4,4,4,4,5,3,6,3,4,2016,2016,True,2,AZCAPOTZALCO
1,1,69,9002253051,1,134,24150,1824,1,2,9,-0.175675631,-0.034009337,0.0,-0.5,0.0,0.333333313,0.518287659,0.0,0.0,-0.194574356,0.004072513,-0.12028043,5,4,4,6,4,3,4,4,3,4,5,5,5,2016,2016,True,2,AZCAPOTZALCO
2,2,68,9002253051,1,134,24150,1824,1,2,9,-0.175675631,-0.034009337,0.0,-0.5,0.0,0.333333313,0.518287659,0.0,0.0,-0.194574356,0.004072513,-0.12028043,5,4,4,6,4,3,4,4,3,4,5,5,5,2016,2016,True,2,AZCAPOTZALCO
3,2,46,9002253051,1,134,24150,1824,1,2,9,-0.175675631,-0.034009337,0.0,-0.5,0.0,-0.1875,0.518287659,-0.047042251,1.0,-0.194574356,0.015999373,-0.115819782,5,4,4,6,4,5,1,4,3,4,5,5,5,2016,2016,True,2,AZCAPOTZALCO
4,2,18,9002253051,1,134,24150,1824,1,2,9,-0.175675631,-0.034009337,0.0,-0.5,0.0,-0.194805264,0.518287659,-0.047042251,1.0,-0.194574356,0.014275331,-0.11646457,5,4,4,6,4,5,1,4,3,4,5,5,5,2016,2016,True,2,AZCAPOTZALCO
1,1,41,9002356011,1,134,24160,1983,1,2,9,0.137931049,-0.07192409,0.0,0.0,0.0,-0.1875,1.447916627,0.0,0.0,0.47882998,-0.003180213,0.298558176,3,4,4,4,4,5,4,4,4,3,2,2,3,2016,2016,True,2,AZCAPOTZALCO
2,2,39,9002356011,1,134,24160,1983,1,2,9,0.137931049,-0.07192409,0.0,0.0,0.0,-0.050000072,1.447916627,0.0,0.0,0.47882998,0.02926977,0.310694456,3,4,4,4,4,4,4,4,3,3,2,2,3,2016,2016,True,2,AZCAPOTZALCO
3,1,5,9002356011,1,134,24160,1983,1,2,9,0.137931049,-0.07192409,0.0,0.0,0.0,-0.5,1.447916627,0.0,0.0,0.47882998,-0.07693021,0.270975679,3,4,4,4,4,6,4,4,4,3,2,2,3,2016,2016,True,2,AZCAPOTZALCO
1,2,43,9002356021,1,134,24160,1983,1,2,9,-0.189655066,-0.837750912,0.0,-0.5,0.0,-0.375,1.677083373,0.0,0.0,0.443632901,-0.214296415,0.197567344,5,6,4,6,4,5,4,4,5,4,1,2,3,2016,2016,True,2,AZCAPOTZALCO
2,1,43,9002356021,1,134,24160,1983,1,2,9,-0.189655066,-0.837750912,0.0,-0.5,0.0,-0.3125,1.677083373,0.0,0.0,0.443632901,-0.199546412,0.203083843,5,6,4,6,4,5,4,4,5,4,1,2,3,2016,2016,True,2,AZCAPOTZALCO
3,2,7,9002356021,1,134,24160,1983,1,2,9,-0.189655066,-0.837750912,0.0,-0.5,0.0,-0.5,1.677083373,0.0,0.0,0.443632901,-0.243796408,0.186534345,5,6,4,6,4,6,4,4,5,4,1,2,3,2016,2016,True,2,AZCAPOTZALCO
1,1,49,9002356031,1,134,24160,1983,1,2,9,0.037500083,-0.005028844,0.0,0.0,0.0,0.25,0.871942759,1.0,0.0,0.597741723,0.212508351,0.453664452,3,4,4,4,4,3,4,1,3,1,5,1,2,2016,2016,True,2,AZCAPOTZALCO
2,2,47,9002356031,1,134,24160,1983,1,2,9,0.037500083,-0.005028844,0.0,0.0,0.0,-0.1875,0.871942759,1.0,0.0,0.597741723,0.109258354,0.415048957,3,4,4,4,4,5,4,1,3,1,5,1,2,2016,2016,True,2,AZCAPOTZALCO
3,1,23,9002356031,1,134,24160,1983,1,2,9,0.037500083,-0.005028844,0.0,0.0,0.0,0.0,0.871942759,0.0,0.0,0.597741723,0.012008354,0.378677458,3,4,4,4,4,4,4,4,3,1,5,1,2,2016,2016,True,2,AZCAPOTZALCO
4,2,17,9002356031,1,134,24160,1983,1,2,9,0.037500083,-0.005028844,0.0,0.0,0.0,0.071428597,0.871942759,1.0,1.0,0.597741723,0.311865509,0.490824014,3,4,4,4,4,3,1,1,3,1,5,1,2,2016,2016,True,2,AZCAPOTZALCO
1,2,67,9002356041,1,134,24160,1983,1,2,9,-1.0,0.106828034,0.25,1.0,0.0,0.25,0.100000001,0.0,0.0,-0.162003756,-0.22355397,-0.185023531,6,3,3,1,4,3,4,4,5,5,6,5,5,2016,2016,True,2,AZCAPOTZALCO
1,1,64,9002356051,1,134,24160,1983,1,2,9,0.285714269,-0.802406788,0.25,-0.5,0.0,-0.078947306,0.100000001,0.0,0.0,-0.109696984,0.022793122,-0.060145684,3,6,3,6,4,4,4,4,3,5,6,5,4,2016,2016,True,2,AZCAPOTZALCO
2,2,64,9002356051,1,134,24160,1983,1,2,9,0.285714269,-0.802406788,0.25,-0.5,0.0,0.25,0.100000001,0.0,0.0,-0.109696984,0.100424685,-0.031111481,3,6,3,6,4,3,4,4,3,5,6,5,4,2016,2016,True,2,AZCAPOTZALCO
1,2,86,9002356061,1,134,24160,1983,1,2,9,-1.0,-0.035852432,0.0,0.0,0.0,1.0,2.0,0.0,0.0,-0.044390917,-0.094079442,-0.062974423,6,4,4,4,4,1,4,4,4,4,1,4,4,2016,2016,True,2,AZCAPOTZALCO
1,1,39,9002375011,1,134,24170,1671,1,2,9,-0.452381015,-0.095729351,0.0,-0.5,0.0,-0.25,1.358333349,0.0,0.0,-0.133754253,-0.227933273,-0.168977201,5,4,4,6,4,5,4,4,5,5,2,5,5,2016,2016,True,2,AZCAPOTZALCO
2,2,39,9002375011,1,134,24170,1671,1,2,9,-0.452381015,-0.095729351,0.0,-0.5,0.0,-0.200000048,1.358333349,0.0,0.0,-0.133754253,-0.216133282,-0.164564013,5,4,4,6,4,5,4,4,5,5,2,5,5,2016,2016,True,2,AZCAPOTZALCO
1,1,56,9002375021,1,134,24170,1671,1,2,9,0.375,0.066851497,0.375,-0.5,0.0,0.0,1.036458373,0.0,0.0,-0.099600911,0.125752389,-0.015318776,2,3,2,6,4,4,4,4,3,5,3,4,4,2016,2016,True,2,AZCAPOTZALCO
2,2,57,9002375021,1,134,24170,1671,1,2,9,0.375,0.066851497,0.375,-0.5,0.0,1.0,1.036458373,0.0,0.0,-0.099600911,0.361752391,0.072945222,2,3,2,6,4,1,4,4,2,5,3,4,3,2016,2016,True,2,AZCAPOTZALCO
3,2,36,9002375021,1,134,24170,1671,1,2,9,0.375,0.066851497,0.375,-0.5,0.0,0.066666663,1.036458373,-0.101511717,1.0,-0.099600911,0.268621802,0.038114384,2,3,2,6,4,3,1,5,3,5,3,4,3,2016,2016,True,2,AZCAPOTZALCO
4,2,30,9002375021,1,134,24170,1671,1,2,9,0.375,0.066851497,0.375,-0.5,0.0,0.199999988,1.036458373,-0.101511717,1.0,-0.099600911,0.300088465,0.049882915,2,3,2,6,4,3,1,5,3,5,3,4,3,2016,2016,True,2,AZCAPOTZALCO
1,2,59,9002375031,1,134,24170,1671,1,2,9,-0.820754647,-0.964936256,0.0,-0.5,0.0,-0.4375,0.982291698,0.0,0.0,-0.209926367,-0.443423837,-0.297254413,6,6,4,6,4,5,4,4,5,5,4,5,5,2016,2016,True,2,AZCAPOTZALCO
2,2,48,9002375031,1,134,24170,1671,1,2,9,-0.820754647,-0.964936256,0.0,-0.5,0.0,-0.4375,0.982291698,0.0,0.0,-0.209926367,-0.443423837,-0.297254413,6,6,4,6,4,5,4,4,5,5,4,5,5,2016,2016,True,2,AZCAPOTZALCO
3,1,48,9002375031,1,134,24170,1671,1,2,9,-0.820754647,-0.964936256,0.0,-0.5,0.0,-0.4375,0.982291698,-1.0,1.0,-0.209926367,-0.443423837,-0.297254413,6,6,4,6,4,5,1,6,5,5,4,5,5,2016,2016,True,2,AZCAPOTZALCO
4,1,57,9002375031,1,134,24170,1671,1,2,9,-0.820754647,-0.964936256,0.0,-0.5,0.0,-0.4375,0.982291698,-1.0,1.0,-0.209926367,-0.443423837,-0.297254413,6,6,4,6,4,5,1,6,5,5,4,5,5,2016,2016,True,2,AZCAPOTZALCO
5,1,8,9002375031,1,134,24170,1671,1,2,9,-0.820754647,-0.964936256,0.0,-0.5,0.0,-0.200000048,0.982291698,0.0,0.0,-0.209926367,-0.387373835,-0.276291728,6,6,4,6,4,5,4,4,5,5,4,5,5,2016,2016,True,2,AZCAPOTZALCO
6,2,6,9002375031,1,134,24170,1671,1,2,9,-0.820754647,-0.964936256,0.0,-0.5,0.0,-0.666666627,0.982291698,0.0,0.0,-0.209926367,-0.497507155,-0.317481577,6,6,4,6,4,6,4,4,5,5,4,5,5,2016,2016,True,2,AZCAPOTZALCO
1,2,80,9002375041,1,134,24170,1671,1,2,9,-0.620689631,-0.780776978,0.0,-0.5,0.0,1.0,0.822916687,0.0,0.0,-0.017352462,-0.027871264,-0.021286493,6,6,4,6,4,1,4,4,4,4,5,4,4,2016,2016,True,2,AZCAPOTZALCO
2,1,38,9002375041,1,134,24170,1671,1,2,9,-0.620689631,-0.780776978,0.0,-0.5,0.0,0.199999988,0.822916687,-0.003127217,1.0,-0.017352462,-0.075613767,-0.039142191,6,6,4,6,4,3,1,4,4,4,5,4,4,2016,2016,True,2,AZCAPOTZALCO
3,1,50,9002375041,1,134,24170,1671,1,2,9,-0.620689631,-0.780776978,0.0,-0.5,0.0,-0.125,0.822916687,-0.003127217,1.0,-0.017352462,-0.152313769,-0.067827992,6,6,4,6,4,5,1,4,5,4,5,4,4,2016,2016,True,2,AZCAPOTZALCO
1,1,51,9002375051,1,134,24170,1671,1,2,9,0.735714257,-0.01952064,1.0,0.0,0.0,-0.25,1.03125,0.0,0.0,0.242949069,0.218182072,0.233686209,1,4,1,4,4,5,4,4,3,3,3,3,3,2016,2016,True,2,AZCAPOTZALCO
2,1,24,9002375051,1,134,24170,1671,1,2,9,0.735714257,-0.01952064,1.0,0.0,0.0,0.199999988,1.03125,1.0,1.0,0.242949069,0.607382059,0.37924701,1,4,1,4,4,3,1,1,1,3,3,3,2,2016,2016,True,2,AZCAPOTZALCO
1,1,41,9002375061,1,134,24170,1671,1,2,9,0.691666663,0.038606286,1.0,0.0,0.0,0.0,0.850580275,0.0,0.0,0.16657728,0.266105831,0.203800961,1,3,1,4,4,4,4,4,3,3,5,3,3,2016,2016,True,2,AZCAPOTZALCO
2,2,38,9002375061,1,134,24170,1671,1,2,9,0.691666663,0.038606286,1.0,0.0,0.0,0.199999988,0.850580275,0.0,0.0,0.16657728,0.313305825,0.221453756,1,3,1,4,4,3,4,4,3,3,5,3,3,2016,2016,True,2,AZCAPOTZALCO
3,1,21,9002375061,1,134,24170,1671,1,2,9,0.691666663,0.038606286,1.0,0.0,0.0,0.066666663,0.850580275,0.0,0.0,0.16657728,0.281839162,0.209685221,1,3,1,4,4,3,4,4,3,3,5,3,3,2016,2016,True,2,AZCAPOTZALCO
4,2,17,9002375061,1,134,24170,1671,1,2,9,0.691666663,0.038606286,1.0,0.0,0.0,-0.071428537,0.850580275,0.0,1.0,0.16657728,0.390748709,0.250417382,1,3,1,4,4,4,1,4,2,3,5,3,3,2016,2016,True,2,AZCAPOTZALCO
5,2,13,9002375061,1,134,24170,1671,1,2,9,0.691666663,0.038606286,1.0,0.0,0.0,-0.100000024,0.850580275,0.0,0.0,0.16657728,0.242505819,0.194974557,1,3,1,4,4,5,4,4,3,3,5,3,3,2016,2016,True,2,AZCAPOTZALCO
1,2,40,9003320011,1,133,24180,1788,1,2,9,0.521551728,-0.011360168,0.0,0.0,0.0,-0.3125,1.740740776,0.49000001,1.0,0.467129946,0.307495087,0.407426506,1,4,4,4,4,5,1,2,3,3,1,2,2,2016,2016,True,2,AZCAPOTZALCO
2,2,13,9003320011,1,133,24180,1788,1,2,9,0.521551728,-0.011360168,0.0,0.0,0.0,-0.100000024,1.740740776,0.49000001,1.0,0.467129946,0.357645065,0.426182598,1,4,4,4,4,5,1,2,2,3,1,2,2,2016,2016,True,2,AZCAPOTZALCO
3,1,7,9003320011,1,133,24180,1788,1,2,9,0.521551728,-0.011360168,0.0,0.0,0.0,-0.25,1.740740776,0.49000001,1.0,0.467129946,0.322245091,0.412943006,1,4,4,4,4,5,1,2,3,3,1,2,2,2016,2016,True,2,AZCAPOTZALCO
1,1,55,9003320021,1,133,24180,1788,1,2,9,0.111111104,-0.941275477,0.0,0.0,0.0,-0.5,0.880182028,1.0,1.0,0.451669514,0.146850467,0.337667197,3,6,4,4,4,6,1,1,3,2,5,2,2,2016,2016,True,2,AZCAPOTZALCO
2,2,56,9003320021,1,133,24180,1788,1,2,9,0.111111104,-0.941275477,0.0,0.0,0.0,0.25,0.880182028,1.0,1.0,0.451669514,0.323850453,0.403865188,3,6,4,4,4,3,1,1,3,2,5,2,2,2016,2016,True,2,AZCAPOTZALCO
3,2,22,9003320021,1,133,24180,1788,1,2,9,0.111111104,-0.941275477,0.0,0.0,0.0,0.0,0.880182028,0.49000001,1.0,0.451669514,0.19268547,0.354809493,3,6,4,4,4,4,1,2,3,2,5,2,2,2016,2016,True,2,AZCAPOTZALCO
4,2,18,9003320021,1,133,24180,1788,1,2,9,0.111111104,-0.941275477,0.0,0.0,0.0,0.142857134,0.880182028,1.0,1.0,0.451669514,0.298564762,0.394408345,3,6,4,4,4,3,1,1,3,2,5,2,2,2016,2016,True,2,AZCAPOTZALCO
5,1,28,9003320021,1,133,24180,1788,1,2,9,0.111111104,-0.941275477,0.0,0.0,0.0,-0.363636374,0.880182028,1.0,1.0,0.451669514,0.179032281,0.349703193,3,6,4,4,4,5,1,1,3,2,5,2,2,2016,2016,True,2,AZCAPOTZALCO
1,2,59,9003320031,1,133,24180,1788,1,2,9,0.003846109,0.191983342,0.375,1.0,0.0,0.0,1.979166627,0.49000001,1.0,0.68579483,0.267106563,0.529205441,3,3,2,1,4,4,1,2,3,2,1,1,1,2016,2016,True,2,AZCAPOTZALCO
1,2,82,9003320041,1,133,24180,1788,1,2,9,-0.189655066,-0.859917521,0.0,-0.5,0.0,-0.315789461,0.885416687,0.0,0.0,-0.329446554,-0.20160839,-0.281635076,5,6,4,6,4,5,4,4,5,5,5,5,5,2016,2016,True,2,AZCAPOTZALCO
2,1,33,9003320041,1,133,24180,1788,1,2,9,-0.189655066,-0.859917521,0.0,-0.5,0.0,-0.200000048,0.885416687,-0.01111114,0.0,-0.329446554,-0.17585431,-0.272003055,5,6,4,6,4,5,4,4,5,5,5,5,5,2016,2016,True,2,AZCAPOTZALCO
3,2,60,9003320041,1,133,24180,1788,1,2,9,-0.189655066,-0.859917521,0.0,-0.5,0.0,-0.276315808,0.885416687,0.0,0.0,-0.329446554,-0.192292616,-0.278150976,5,6,4,6,4,5,4,4,5,5,5,5,5,2016,2016,True,2,AZCAPOTZALCO
1,1,75,9003320051,1,133,24180,1788,1,2,9,0.301886857,-0.149317145,0.0,-0.5,0.0,0.0,0.799999952,0.0,0.0,0.421248734,0.075358495,0.291885793,3,5,4,6,4,4,4,4,3,2,5,2,3,2016,2016,True,2,AZCAPOTZALCO
2,2,71,9003320051,1,133,24180,1788,1,2,9,0.301886857,-0.149317145,0.0,-0.5,0.0,0.0,0.799999952,0.0,0.0,0.421248734,0.075358495,0.291885793,3,5,4,6,4,4,4,4,3,2,5,2,3,2016,2016,True,2,AZCAPOTZALCO
3,1,42,9003320051,1,133,24180,1788,1,2,9,0.301886857,-0.149317145,0.0,-0.5,0.0,-0.125,0.799999952,0.0,0.0,0.421248734,0.045858495,0.280852795,3,5,4,6,4,5,4,4,3,2,5,2,3,2016,2016,True,2,AZCAPOTZALCO
4,1,40,9003320051,1,133,24180,1788,1,2,9,0.301886857,-0.149317145,0.0,-0.5,0.0,0.0,0.799999952,1.0,1.0,0.421248734,0.358358502,0.397727787,3,5,4,6,4,4,1,1,2,2,5,2,2,2016,2016,True,2,AZCAPOTZALCO
5,1,13,9003320051,1,133,24180,1788,1,2,9,0.301886857,-0.149317145,0.0,-0.5,0.0,-0.200000048,0.799999952,0.0,0.0,0.421248734,0.028158484,0.274232984,3,5,4,6,4,5,4,4,3,2,5,2,3,2016,2016,True,2,AZCAPOTZALCO
6,2,45,9003320051,1,133,24180,1788,1,2,9,0.301886857,-0.149317145,0.0,-0.5,0.0,0.0,0.799999952,0.0,0.0,0.421248734,0.075358495,0.291885793,3,5,4,6,4,4,4,4,3,2,5,2,3,2016,2016,True,2,AZCAPOTZALCO
1,2,49,9004004011,1,134,24190,1671,1,2,9,-1.0,-0.944049478,0.0,-0.5,0.0,-0.4375,1.362499952,-1.0,1.0,-0.116411686,-0.501004875,-0.260249525,6,6,4,6,4,5,1,6,6,5,2,5,5,2016,2016,True,2,AZCAPOTZALCO
1,1,51,9004004021,1,134,24190,1671,1,2,9,-0.706896544,-1.0,0.0,-0.5,0.0,-0.1875,0.100000001,-0.01111114,0.0,0.141452849,-0.350684285,-0.042606439,6,6,4,6,4,5,4,4,5,3,6,3,4,2016,2016,True,2,AZCAPOTZALCO
2,2,50,9004004021,1,134,24190,1671,1,2,9,-0.706896544,-1.0,0.0,-0.5,0.0,0.0,0.100000001,-0.01111114,0.0,0.141452849,-0.306434304,-0.026056945,6,6,4,6,4,4,4,4,5,3,6,3,4,2016,2016,True,2,AZCAPOTZALCO
3,2,20,9004004021,1,134,24190,1671,1,2,9,-0.706896544,-1.0,0.0,-0.5,0.0,-0.27272737,0.100000001,-0.01111114,0.0,0.141452849,-0.370797962,-0.050128955,6,6,4,6,4,5,4,4,5,3,6,3,4,2016,2016,True,2,AZCAPOTZALCO
1,1,66,9004004031,1,134,24190,1671,1,2,9,-0.706896544,-1.0,0.0,-0.5,0.0,-0.355263114,0.833333313,0.0,0.0,-1.0,-0.388704151,-0.771375358,6,6,4,6,4,5,4,4,5,6,5,6,6,2016,2016,True,2,AZCAPOTZALCO
2,2,66,9004004031,1,134,24190,1671,1,2,9,-0.706896544,-1.0,0.0,-0.5,0.0,-0.394736886,0.833333313,0.0,0.0,-1.0,-0.398019969,-0.774859488,6,6,4,6,4,5,4,4,5,6,5,6,6,2016,2016,True,2,AZCAPOTZALCO
3,1,40,9004004031,1,134,24190,1671,1,2,9,-0.706896544,-1.0,0.0,-0.5,0.0,-0.5,0.833333313,-1.0,0.0,-1.0,-0.564362049,-0.837071419,6,6,4,6,4,6,4,6,6,6,5,6,6,2016,2016,True,2,AZCAPOTZALCO
1,1,81,9004004041,1,134,24190,1671,1,2,9,-0.690476298,-0.067945838,0.0,-0.5,0.0,-0.315789461,1.154166698,0.0,0.0,-1.0,-0.319943398,-0.745658815,6,4,4,6,4,5,4,4,5,6,3,6,6,2016,2016,True,2,AZCAPOTZALCO
2,2,56,9004004041,1,134,24190,1671,1,2,9,-0.690476298,-0.067945838,0.0,-0.5,0.0,-0.75,1.154166698,-1.0,0.0,-1.0,-0.5639171,-0.836905003,6,4,4,6,4,6,4,6,6,6,3,6,6,2016,2016,True,2,AZCAPOTZALCO
1,1,55,9004004061,1,134,24190,1671,1,2,9,-1.0,-0.033296466,0.0,0.0,0.0,-0.125,1.154166698,0.0,0.0,-0.100400925,-0.359431207,-0.197278246,6,4,4,4,4,5,4,4,5,5,3,5,5,2016,2016,True,2,AZCAPOTZALCO
1,2,30,9004162011,1,135,24200,2218,1,2,9,-1.0,-0.716897607,0.0,0.0,0.0,-0.200000048,1.154166698,-1.0,0.0,-0.735347152,-0.558280051,-0.669124067,6,6,4,4,4,5,4,6,6,6,3,6,6,2016,2016,True,2,AZCAPOTZALCO
1,1,47,9004162021,1,135,24200,2218,1,2,9,-0.189655066,-0.864863157,0.0,-0.5,0.0,-0.5,1.547916651,0.0,0.0,-0.087834239,-0.245368928,-0.146752208,5,6,4,6,4,6,4,4,5,5,1,4,5,2016,2016,True,2,AZCAPOTZALCO
2,2,40,9004162021,1,135,24200,2218,1,2,9,-0.189655066,-0.864863157,0.0,-0.5,0.0,-0.375,1.547916651,0.0,0.0,-0.087834239,-0.21586892,-0.13571921,5,6,4,6,4,5,4,4,5,5,1,4,5,2016,2016,True,2,AZCAPOTZALCO
3,2,1,9004162021,1,135,24200,2218,1,2,9,-0.189655066,-0.864863157,0.0,-0.5,0.0,0.0,1.547916651,0.0,0.0,-0.087834239,-0.127368927,-0.102620214,5,6,4,6,4,4,4,4,5,5,1,4,5,2016,2016,True,2,AZCAPOTZALCO
1,2,50,9004162031,1,135,24200,2218,1,2,9,-0.189655066,-0.095272779,0.0,-0.5,0.0,-0.375,0.852241755,0.0,0.0,-0.069480181,-0.171232685,-0.107535616,5,4,4,6,4,5,4,4,5,4,5,4,5,2016,2016,True,2,AZCAPOTZALCO
2,2,24,9004162031,1,135,24200,2218,1,2,9,-0.189655066,-0.095272779,0.0,-0.5,0.0,-0.090909123,0.852241755,-0.030370593,0.0,-0.069480181,-0.108484678,-0.084067866,5,4,4,6,4,4,4,4,5,4,5,4,4,2016,2016,True,2,AZCAPOTZALCO
3,2,20,9004162031,1,135,24200,2218,1,2,9,-0.189655066,-0.095272779,0.0,-0.5,0.0,0.133333325,0.852241755,-0.030370593,0.0,-0.069480181,-0.055563457,-0.064275324,5,4,4,6,4,3,4,4,4,4,5,4,4,2016,2016,True,2,AZCAPOTZALCO
1,1,41,9004162041,1,135,24200,2218,1,2,9,-1.0,-0.845398426,0.0,-0.5,0.0,-0.75,1.570833325,0.0,0.0,-0.096350074,-0.569033086,-0.273133516,6,6,4,6,4,6,4,4,6,5,1,4,5,2016,2016,True,2,AZCAPOTZALCO
1,1,28,9004162061,1,135,24200,2218,1,2,9,-1.0,-0.026044965,0.0,0.0,0.0,-0.636363626,1.154166698,0.0,0.0,-0.045638919,-0.479692429,-0.207974926,6,4,4,4,4,6,4,4,5,5,3,4,5,2016,2016,True,2,AZCAPOTZALCO
1,1,61,9004238011,1,133,24210,1464,1,2,9,-0.111111164,-0.878457308,0.0,-0.5,0.0,0.083333313,0.776409268,0.49000001,0.0,-0.040511727,-0.013393322,-0.030369444,5,6,4,6,4,3,4,2,4,4,5,4,4,2016,2016,True,2,AZCAPOTZALCO
2,2,59,9004238011,1,133,24210,1464,1,2,9,-0.111111164,-0.878457308,0.0,-0.5,0.0,0.0,0.776409268,0.49000001,0.0,-0.040511727,-0.033059984,-0.037724774,5,6,4,6,4,4,4,2,4,4,5,4,4,2016,2016,True,2,AZCAPOTZALCO
3,2,30,9004238011,1,133,24210,1464,1,2,9,-0.111111164,-0.878457308,0.0,-0.5,0.0,0.0,0.776409268,1.0,1.0,-0.040511727,0.180605009,0.042185932,5,6,4,6,4,4,1,1,3,4,5,4,3,2016,2016,True,2,AZCAPOTZALCO
4,1,28,9004238011,1,133,24210,1464,1,2,9,-0.111111164,-0.878457308,0.0,-0.5,0.0,-0.181818128,0.776409268,0.0,0.0,-0.040511727,-0.145304069,-0.079704061,5,6,4,6,4,5,4,4,5,4,5,4,4,2016,2016,True,2,AZCAPOTZALCO
5,2,26,9004238011,1,133,24210,1464,1,2,9,-0.111111164,-0.878457308,0.0,-0.5,0.0,-0.545454502,0.776409268,1.0,1.0,-0.040511727,0.051877752,-0.005958062,5,6,4,6,4,6,1,1,3,4,5,4,4,2016,2016,True,2,AZCAPOTZALCO
1,1,67,9004238021,1,133,24210,1464,1,2,9,0.056603789,-0.792188287,0.0,-0.5,0.0,0.0,0.727500021,-0.01111114,0.0,-0.103678823,-0.043953106,-0.081341401,3,6,4,6,4,4,4,4,4,4,5,5,4,2016,2016,True,2,AZCAPOTZALCO
2,2,67,9004238021,1,133,24210,1464,1,2,9,0.056603789,-0.792188287,0.0,-0.5,0.0,0.25,0.727500021,-0.01111114,0.0,-0.103678823,0.015046895,-0.059275404,3,6,4,6,4,3,4,4,3,4,5,5,4,2016,2016,True,2,AZCAPOTZALCO
3,2,43,9004238021,1,133,24210,1464,1,2,9,0.056603789,-0.792188287,0.0,-0.5,0.0,-0.375,0.727500021,-0.042153001,1.0,-0.103678823,0.004654473,-0.06316217,3,6,4,6,4,5,1,4,3,4,5,5,4,2016,2016,True,2,AZCAPOTZALCO
4,2,30,9004238021,1,133,24210,1464,1,2,9,0.056603789,-0.792188287,0.0,-0.5,0.0,-0.200000048,0.727500021,-0.042153001,1.0,-0.103678823,0.045954462,-0.047715973,3,6,4,6,4,5,1,4,3,4,5,5,4,2016,2016,True,2,AZCAPOTZALCO
5,1,47,9004238021,1,133,24210,1464,1,2,9,0.056603789,-0.792188287,0.0,-0.5,0.0,-0.1875,0.727500021,0.0,0.0,-0.103678823,-0.086630881,-0.097302891,3,6,4,6,4,5,4,4,4,4,5,5,4,2016,2016,True,2,AZCAPOTZALCO
6,2,3,9004238021,1,133,24210,1464,1,2,9,0.056603789,-0.792188287,0.0,-0.5,0.0,0.0,0.727500021,-0.042153001,1.0,-0.103678823,0.093154475,-0.030063169,3,6,4,6,4,4,1,4,3,4,5,5,4,2016,2016,True,2,AZCAPOTZALCO
1,1,75,9004238031,1,133,24210,1464,1,2,9,0.165983617,-0.014950395,0.0,-0.5,0.0,0.555555582,0.952884555,1.0,0.75,0.121536374,0.417311609,0.232156307,3,4,4,6,4,1,1,1,2,3,4,3,3,2016,2016,True,2,AZCAPOTZALCO
2,2,65,9004238031,1,133,24210,1464,1,2,9,0.165983617,-0.014950395,0.0,-0.5,0.0,0.5,0.952884555,1.0,0.75,0.121536374,0.404200494,0.227252752,3,4,4,6,4,2,1,1,2,3,4,3,3,2016,2016,True,2,AZCAPOTZALCO
3,1,44,9004238031,1,133,24210,1464,1,2,9,0.165983617,-0.014950395,0.0,-0.5,0.0,-0.1875,0.952884555,1.0,1.0,0.121536374,0.277325511,0.179801509,3,4,4,6,4,5,1,1,3,3,4,3,3,2016,2016,True,2,AZCAPOTZALCO
4,2,41,9004238031,1,133,24210,1464,1,2,9,0.165983617,-0.014950395,0.0,-0.5,0.0,-0.1875,0.952884555,1.0,1.0,0.121536374,0.277325511,0.179801509,3,4,4,6,4,5,1,1,3,3,4,3,3,2016,2016,True,2,AZCAPOTZALCO
5,2,33,9004238031,1,133,24210,1464,1,2,9,0.165983617,-0.014950395,0.0,-0.5,0.0,0.199999988,0.952884555,1.0,1.0,0.121536374,0.368775487,0.214003801,3,4,4,6,4,3,1,1,2,3,4,3,3,2016,2016,True,2,AZCAPOTZALCO
6,1,8,9004238031,1,133,24210,1464,1,2,9,0.165983617,-0.014950395,0.0,-0.5,0.0,-0.200000048,0.952884555,1.0,1.0,0.121536374,0.274375498,0.178698212,3,4,4,6,4,5,1,1,3,3,4,3,3,2016,2016,True,2,AZCAPOTZALCO
7,1,3,9004238031,1,133,24210,1464,1,2,9,0.165983617,-0.014950395,0.0,-0.5,0.0,0.0,0.952884555,1.0,1.0,0.121536374,0.321575493,0.196351007,3,4,4,6,4,4,1,1,3,3,4,3,3,2016,2016,True,2,AZCAPOTZALCO
1,2,56,9004238051,1,133,24210,1464,1,2,9,-1.0,-0.886980295,0.0,-0.5,0.0,-0.4375,1.202083349,-0.01111114,0.0,-0.739138126,-0.499267071,-0.649426341,6,6,4,6,4,5,4,4,5,6,3,6,6,2016,2016,True,2,AZCAPOTZALCO
2,1,26,9004238051,1,133,24210,1464,1,2,9,-1.0,-0.886980295,0.0,-0.5,0.0,-0.363636374,1.202083349,0.0,0.0,-0.739138126,-0.480263054,-0.642318845,6,6,4,6,4,5,4,4,5,6,3,6,6,2016,2016,True,2,AZCAPOTZALCO
1,1,87,9004238061,1,133,24210,1464,1,2,9,-0.706896544,-0.83949697,0.0,-0.5,0.0,0.0,2.0,-0.01111114,0.0,0.587901235,-0.297125131,0.256901383,6,6,4,6,4,4,4,4,5,4,1,1,3,2016,2016,True,2,AZCAPOTZALCO
2,2,88,9004238061,1,133,24210,1464,1,2,9,-0.706896544,-0.83949697,0.0,-0.5,0.0,0.222222209,2.0,-0.01111114,0.0,0.587901235,-0.244680673,0.276515603,6,6,4,6,4,3,4,4,5,4,1,1,3,2016,2016,True,2,AZCAPOTZALCO
3,2,48,9004238061,1,133,24210,1464,1,2,9,-0.706896544,-0.83949697,0.0,-0.5,0.0,-0.25,2.0,-0.01111114,0.0,0.587901235,-0.356125116,0.234835386,6,6,4,6,4,5,4,4,5,4,1,1,3,2016,2016,True,2,AZCAPOTZALCO
1,1,37,9005339011,1,134,24220,1697,1,2,9,-0.529807687,-0.073698163,0.0,0.0,0.0,0.0,1.5625,0.0,0.0,-0.018994451,-0.178051412,-0.078481756,6,4,4,4,4,4,4,4,5,4,1,4,4,2016,2016,True,2,AZCAPOTZALCO
1,1,42,9005339041,1,134,24220,1697,1,2,9,0.853040516,-0.013069391,0.375,0.0,0.0,0.25,1.090277791,0.0,0.0,-0.005438685,0.351914257,0.128211319,1,4,2,4,4,3,4,4,2,4,3,4,3,2016,2016,True,2,AZCAPOTZALCO
2,2,39,9005339041,1,134,24220,1697,1,2,9,0.853040516,-0.013069391,0.375,0.0,0.0,0.199999988,1.090277791,0.0,0.0,-0.005438685,0.340114266,0.123798117,1,4,2,4,4,3,4,4,2,4,3,4,3,2016,2016,True,2,AZCAPOTZALCO
3,2,19,9005339041,1,134,24220,1697,1,2,9,0.853040516,-0.013069391,0.375,0.0,0.0,0.199999988,1.090277791,-0.013975382,1.0,-0.005438685,0.479636759,0.175979525,1,4,2,4,4,3,1,4,2,4,3,4,3,2016,2016,True,2,AZCAPOTZALCO
4,1,10,9005339041,1,134,24220,1697,1,2,9,0.853040516,-0.013069391,0.375,0.0,0.0,-0.142857194,1.090277791,0.0,0.0,-0.005438685,0.259199977,0.093536176,1,4,2,4,4,5,4,4,3,4,3,4,3,2016,2016,True,2,AZCAPOTZALCO
1,1,68,9005339051,1,134,24220,1697,1,2,9,0.809426248,-0.00884676,0.375,-0.5,0.0,1.0,0.509166658,0.0,0.0,0.414485574,0.4998537,0.446413249,1,4,2,6,4,1,4,4,2,2,5,2,2,2016,2016,True,2,AZCAPOTZALCO
2,2,64,9005339051,1,134,24220,1697,1,2,9,0.809426248,-0.00884676,0.375,-0.5,0.0,1.0,0.509166658,0.0,0.0,0.414485574,0.4998537,0.446413249,1,4,2,6,4,1,4,4,2,2,5,2,2,2016,2016,True,2,AZCAPOTZALCO
3,2,27,9005339051,1,134,24220,1697,1,2,9,0.809426248,-0.00884676,0.375,-0.5,0.0,0.266666651,0.509166658,0.49000001,1.0,0.414485574,0.537622035,0.460538596,1,4,2,6,4,3,1,2,1,2,5,2,2,2016,2016,True,2,AZCAPOTZALCO
4,1,33,9005339051,1,134,24220,1697,1,2,9,0.809426248,-0.00884676,0.375,-0.5,0.0,0.399999976,0.509166658,1.0,1.0,0.414485574,0.64125371,0.499296844,1,4,2,6,4,2,1,1,1,2,5,2,2,2016,2016,True,2,AZCAPOTZALCO
5,1,24,9005339051,1,134,24220,1697,1,2,9,0.809426248,-0.00884676,0.375,-0.5,0.0,1.0,0.509166658,1.0,1.0,0.414485574,0.782853723,0.552255273,1,4,2,6,4,1,1,1,1,2,5,2,1,2016,2016,True,2,AZCAPOTZALCO
6,2,10,9005339051,1,134,24220,1697,1,2,9,0.809426248,-0.00884676,0.375,-0.5,0.0,-0.142857194,0.509166658,0.49000001,1.0,0.414485574,0.440974414,0.424392402,1,4,2,6,4,5,1,2,2,2,5,2,2,2016,2016,True,2,AZCAPOTZALCO
7,1,9,9005339051,1,134,24220,1697,1,2,9,0.809426248,-0.00884676,0.375,-0.5,0.0,-0.166666627,0.509166658,0.49000001,1.0,0.414485574,0.435355365,0.422290862,1,4,2,6,4,5,1,2,2,2,5,2,2,2016,2016,True,2,AZCAPOTZALCO
1,1,64,9005339061,1,134,24220,1697,1,2,9,-0.452381015,-0.025067091,0.375,-0.5,0.0,0.0,0.577083349,0.0,0.0,-0.160452485,-0.150959864,-0.156902239,5,4,2,6,4,4,4,4,5,5,5,5,5,2016,2016,True,2,AZCAPOTZALCO
2,2,64,9005339061,1,134,24220,1697,1,2,9,-0.452381015,-0.025067091,0.375,-0.5,0.0,0.083333313,0.577083349,0.0,0.0,-0.160452485,-0.131293207,-0.149546921,5,4,2,6,4,3,4,4,5,5,5,5,5,2016,2016,True,2,AZCAPOTZALCO
1,2,32,9007717011,1,135,24230,2027,1,2,9,-0.452381015,-1.0,0.0,0.0,0.0,-0.200000048,1.160416722,-1.0,1.0,-0.277063847,-0.253580987,-0.268281251,5,6,4,4,4,5,1,6,5,5,3,5,5,2016,2016,True,2,AZCAPOTZALCO
2,1,37,9007717011,1,135,24230,2027,1,2,9,-0.452381015,-1.0,0.0,0.0,0.0,-0.200000048,1.160416722,0.0,0.0,-0.277063847,-0.253580987,-0.268281251,5,6,4,4,4,5,4,4,5,5,3,5,5,2016,2016,True,2,AZCAPOTZALCO
1,2,40,9007717021,1,135,24230,2027,1,2,9,-0.653846145,-0.14135468,0.0,0.0,0.0,-0.4375,1.154166698,0.0,0.0,-0.228646517,-0.325910121,-0.265023112,6,5,4,4,4,5,4,4,5,5,3,5,5,2016,2016,True,2,AZCAPOTZALCO
1,1,60,9007717031,1,135,24230,2027,1,2,9,-1.0,-0.990462422,0.0,-0.5,0.0,-0.276315808,0.570833325,-1.0,0.0,-1.0,-0.60715735,-0.853076875,6,6,4,6,4,5,4,6,6,6,5,6,6,2016,2016,True,2,AZCAPOTZALCO
1,2,83,9007717041,1,135,24230,2027,1,2,9,-1.0,-0.904795885,0.0,-0.5,0.0,0.0,1.416666627,0.0,0.0,-1.0,-0.395478159,-0.773908854,6,6,4,6,4,4,4,4,5,6,2,6,6,2016,2016,True,2,AZCAPOTZALCO
2,2,56,9007717041,1,135,24230,2027,1,2,9,-1.0,-0.904795885,0.0,-0.5,0.0,-0.4375,1.416666627,0.0,0.0,-1.0,-0.498728156,-0.812524319,6,6,4,6,4,5,4,4,5,6,2,6,6,2016,2016,True,2,AZCAPOTZALCO
3,2,54,9007717041,1,135,24230,2027,1,2,9,-1.0,-0.904795885,0.0,-0.5,0.0,-0.4375,1.416666627,0.0,0.0,-1.0,-0.498728156,-0.812524319,6,6,4,6,4,5,4,4,5,6,2,6,6,2016,2016,True,2,AZCAPOTZALCO
1,1,86,9007717051,1,135,24230,2027,1,2,9,-0.189655066,-0.053793788,0.0,0.0,0.0,-0.157894731,1.171875,0.0,0.0,-0.388624668,-0.102590054,-0.281647712,5,4,4,4,4,5,4,4,5,5,3,5,5,2016,2016,True,2,AZCAPOTZALCO
2,2,78,9007717051,1,135,24230,2027,1,2,9,-0.189655066,-0.053793788,0.0,0.0,0.0,0.0,1.171875,0.0,0.0,-0.388624668,-0.065326899,-0.267711312,5,4,4,4,4,4,4,4,4,5,3,5,5,2016,2016,True,2,AZCAPOTZALCO
3,1,50,9007717051,1,135,24230,2027,1,2,9,-0.189655066,-0.053793788,0.0,0.0,0.0,-0.3125,1.171875,0.0,0.0,-0.388624668,-0.139076903,-0.295293808,5,4,4,4,4,5,4,4,5,5,3,5,5,2016,2016,True,2,AZCAPOTZALCO
1,1,62,9007717061,1,135,24230,2027,1,2,9,-0.620689631,-0.973862767,0.0,-0.5,0.0,-0.276315808,0.100000001,0.0,0.0,-1.0,-0.340280771,-0.753265023,6,6,4,6,4,5,4,4,5,6,6,6,6,2016,2016,True,2,AZCAPOTZALCO
2,2,57,9007717061,1,135,24230,2027,1,2,9,-0.620689631,-0.973862767,0.0,-0.5,0.0,-0.1875,0.100000001,0.0,0.0,-1.0,-0.319320232,-0.745425761,6,6,4,6,4,5,4,4,5,6,6,6,6,2016,2016,True,2,AZCAPOTZALCO
3,1,30,9007717061,1,135,24230,2027,1,2,9,-0.620689631,-0.973862767,0.0,-0.5,0.0,-0.200000048,0.100000001,0.0,0.0,-1.0,-0.322270244,-0.746529043,6,6,4,6,4,5,4,4,5,6,6,6,6,2016,2016,True,2,AZCAPOTZALCO
1,1,66,9008213011,1,134,24240,1536,1,2,9,-0.189655066,-0.020920634,0.0,-0.5,0.0,0.25,0.673611104,0.0,0.0,-0.148808241,-0.019420259,-0.100417137,5,4,4,6,4,3,4,4,4,5,5,5,5,2016,2016,True,2,AZCAPOTZALCO
2,2,54,9008213011,1,134,24240,1536,1,2,9,-0.189655066,-0.020920634,0.0,-0.5,0.0,0.25,0.673611104,0.0,0.0,-0.148808241,-0.019420259,-0.100417137,5,4,4,6,4,3,4,4,4,5,5,5,5,2016,2016,True,2,AZCAPOTZALCO
3,2,20,9008213011,1,134,24240,1536,1,2,9,-0.189655066,-0.020920634,0.0,-0.5,0.0,0.199999988,0.673611104,0.0,0.0,-0.148808241,-0.031220261,-0.10483034,5,4,4,6,4,3,4,4,4,5,5,5,5,2016,2016,True,2,AZCAPOTZALCO
1,2,60,9008213021,1,134,24240,1536,1,2,9,0.037500083,-0.015298367,0.0,0.0,0.0,0.25,1.022399783,0.0,0.0,-0.091765881,0.070412725,-0.031111082,3,4,4,4,4,3,4,4,3,4,3,4,4,2016,2016,True,2,AZCAPOTZALCO
2,2,40,9008213021,1,134,24240,1536,1,2,9,0.037500083,-0.015298367,0.0,0.0,0.0,-0.1875,1.022399783,0.0,0.0,-0.091765881,-0.032837279,-0.069726586,3,4,4,4,4,5,4,4,4,4,3,4,4,2016,2016,True,2,AZCAPOTZALCO
3,1,0,9008213021,1,134,24240,1536,1,2,9,0.037500083,-0.015298367,0.0,0.0,0.0,0.0,1.022399783,0.0,0.0,-0.091765881,0.011412722,-0.053177085,3,4,4,4,4,4,4,4,3,4,3,4,4,2016,2016,True,2,AZCAPOTZALCO
4,2,16,9008213021,1,134,24240,1536,1,2,9,0.037500083,-0.015298367,0.0,0.0,0.0,-0.076923132,1.022399783,0.0,0.0,-0.091765881,-0.006741137,-0.059966628,3,4,4,4,4,4,4,4,4,4,3,4,4,2016,2016,True,2,AZCAPOTZALCO
1,1,48,9008213031,1,134,24240,1536,1,2,9,-0.189655066,-0.989519596,0.0,0.0,0.0,-0.4375,1.65625,0.0,0.0,0.384054124,-0.222848997,0.15707235,5,6,4,4,4,5,4,4,5,4,1,2,3,2016,2016,True,2,AZCAPOTZALCO
2,2,39,9008213031,1,134,24240,1536,1,2,9,-0.189655066,-0.989519596,0.0,0.0,0.0,-0.200000048,1.65625,0.0,0.0,0.384054124,-0.166799009,0.178035051,5,6,4,4,4,5,4,4,5,4,1,2,3,2016,2016,True,2,AZCAPOTZALCO
3,1,8,9008213031,1,134,24240,1536,1,2,9,-0.189655066,-0.989519596,0.0,0.0,0.0,-0.200000048,1.65625,0.0,0.0,0.384054124,-0.166799009,0.178035051,5,6,4,4,4,5,4,4,5,4,1,2,3,2016,2016,True,2,AZCAPOTZALCO
1,1,54,9008213041,1,134,24240,1536,1,2,9,0.222222209,-0.169197321,0.0,-0.5,0.0,-0.1875,0.622815251,0.49000001,1.0,0.125772297,0.214660436,0.15901646,3,5,4,6,4,5,1,2,3,3,5,3,3,2016,2016,True,2,AZCAPOTZALCO
2,2,52,9008213041,1,134,24240,1536,1,2,9,0.222222209,-0.169197321,0.0,-0.5,0.0,-0.5,0.622815251,0.49000001,1.0,0.125772297,0.140910447,0.131433964,3,5,4,6,4,6,1,2,3,3,5,3,3,2016,2016,True,2,AZCAPOTZALCO
3,1,25,9008213041,1,134,24240,1536,1,2,9,0.222222209,-0.169197321,0.0,-0.5,0.0,0.0,0.622815251,0.49000001,1.0,0.125772297,0.258910447,0.175565958,3,5,4,6,4,4,1,2,3,3,5,3,3,2016,2016,True,2,AZCAPOTZALCO
4,1,23,9008213041,1,134,24240,1536,1,2,9,0.222222209,-0.169197321,0.0,-0.5,0.0,-0.454545498,0.622815251,0.0,1.0,0.125772297,0.082302704,0.109514669,3,5,4,6,4,5,1,4,3,3,5,3,3,2016,2016,True,2,AZCAPOTZALCO
5,1,22,9008213041,1,134,24240,1536,1,2,9,0.222222209,-0.169197321,0.0,-0.5,0.0,-0.363636374,0.622815251,0.0,1.0,0.125772297,0.103757255,0.117538668,3,5,4,6,4,5,1,4,3,3,5,3,3,2016,2016,True,2,AZCAPOTZALCO
1,1,28,9008213051,1,134,24240,1536,1,2,9,-0.040540457,-0.939453483,0.0,0.0,0.0,-0.454545498,2.0,0.0,0.0,-0.00571835,-0.175058305,-0.069051497,4,6,4,4,4,5,4,4,5,5,1,4,4,2016,2016,True,2,AZCAPOTZALCO
2,2,26,9008213051,1,134,24240,1536,1,2,9,-0.040540457,-0.939453483,0.0,0.0,0.0,-0.090909123,2.0,0.0,0.0,-0.00571835,-0.089240126,-0.036955494,4,6,4,4,4,4,4,4,4,5,1,4,4,2016,2016,True,2,AZCAPOTZALCO
3,2,4,9008213051,1,134,24240,1536,1,2,9,-0.040540457,-0.939453483,0.0,0.0,0.0,0.0,2.0,0.0,0.0,-0.00571835,-0.067785569,-0.028931489,4,6,4,4,4,4,4,4,4,5,1,4,4,2016,2016,True,2,AZCAPOTZALCO
4,1,8,9008213051,1,134,24240,1536,1,2,9,-0.040540457,-0.939453483,0.0,0.0,0.0,-0.200000048,2.0,0.0,0.0,-0.00571835,-0.114985585,-0.046584297,4,6,4,4,4,5,4,4,5,5,1,4,4,2016,2016,True,2,AZCAPOTZALCO
1,2,44,9008506021,1,134,24250,1343,1,2,9,0.681034505,-0.074206352,0.0,0.0,0.0,-0.125,0.974124551,0.0,0.0,-0.049648881,0.189575344,0.03982098,1,4,4,4,4,5,4,4,3,4,4,4,3,2016,2016,True,2,AZCAPOTZALCO
2,2,21,9008506021,1,134,24250,1343,1,2,9,0.681034505,-0.074206352,0.0,0.0,0.0,0.066666663,0.974124551,-0.04307735,1.0,-0.049648881,0.37021324,0.107379556,1,4,4,4,4,3,1,4,2,4,4,4,3,2016,2016,True,2,AZCAPOTZALCO
3,1,15,9008506021,1,134,24250,1343,1,2,9,0.681034505,-0.074206352,0.0,0.0,0.0,-0.083333373,0.974124551,0.0,0.0,-0.049648881,0.19940868,0.043498646,1,4,4,4,4,4,4,4,3,4,4,4,3,2016,2016,True,2,AZCAPOTZALCO
1,1,56,9008506031,1,134,24250,1343,1,2,9,0.025973976,-1.0,0.0,-0.5,0.0,-0.1875,0.950833321,-0.01111114,0.0,-0.269575477,-0.110302761,-0.210007474,3,6,4,6,4,5,4,4,5,5,4,5,5,2016,2016,True,2,AZCAPOTZALCO
2,2,53,9008506031,1,134,24250,1343,1,2,9,0.025973976,-1.0,0.0,-0.5,0.0,-0.1875,0.950833321,-0.01111114,0.0,-0.269575477,-0.110302761,-0.210007474,3,6,4,6,4,5,4,4,5,5,4,5,5,2016,2016,True,2,AZCAPOTZALCO
3,2,29,9008506031,1,134,24250,1343,1,2,9,0.025973976,-1.0,0.0,-0.5,0.0,-0.27272737,0.950833321,0.0,0.0,-0.269575477,-0.128844202,-0.216941983,3,6,4,6,4,5,4,4,5,5,4,5,5,2016,2016,True,2,AZCAPOTZALCO
4,2,27,9008506031,1,134,24250,1343,1,2,9,0.025973976,-1.0,0.0,-0.5,0.0,-0.363636374,0.950833321,0.0,0.0,-0.269575477,-0.150298715,-0.224965975,3,6,4,6,4,5,4,4,5,5,4,5,5,2016,2016,True,2,AZCAPOTZALCO
5,2,24,9008506031,1,134,24250,1343,1,2,9,0.025973976,-1.0,0.0,-0.5,0.0,-0.363636374,0.950833321,0.0,0.0,-0.269575477,-0.150298715,-0.224965975,3,6,4,6,4,5,4,4,5,5,4,5,5,2016,2016,True,2,AZCAPOTZALCO
